name,client_id,passport_number,phone_number
John Doe,1,AB1234567,+375291234567
Jane Smith,2,CD7654321,+375291234568
Emily Davis,4,GH8765432,+375291234570
Michael Brown,5,IJ3456789,+375291234571
Sarah Wilson,6,KL9876543,+375291234572
David Johnson,7,MN1230987,+375291234573
Laura Thomas,8,OP5674321,+375291234574
Kevin Harris,9,QR8765098,+375291234575
Sophia Martin,10,ST2345671,+375291234576
Daniel Lee,11,UV5432198,+375291234577
Lisa White,12,WX8765439,+375291234578
Steven Clark,13,YZ2345673,+375291234579
Olivia Lewis,14,BC0987654,+375291234580
Thomas Walker,15,DE7654321,+375291234581
Emma Scott,16,FG2345675,+375291234582
James Hall,17,HI9876543,+375291234583
Patricia Young,18,JK1234569,+375291234584
Paul Allen,19,LM8765431,+375291234585
Sandra King,20,NO3456789,+375291234586
Nancy Wright,21,PQ9876542,+375291234587
Joseph Green,22,RS2345674,+375291234588
Christopher Adams,23,TU9876543,+375291234589
Barbara Nelson,24,VW3456782,+375291234590
Margaret Hill,25,XY9876541,+375291234591
Edward Baker,26,ZA1234567,+375291234592
Dorothy Carter,27,BC9876542,+375291234593
George Mitchell,28,DE2345676,+375291234594
Betty Perez,29,FG8765431,+375291234595
Helen Roberts,30,HI3456784,+375291234596
Alexandr Johnson,3,EF2345678,+375291234569
Lizaveta Katkovskaya,31,BM2592349,+375333604822
John Smith,42,SB1234567,+375291231111
Jenewiewe Smith,43,RD7654321,+375291238968
Alex Alexov,44,GF2345678,+375245234569
Rita Davis,45,TH8765432,+375291129470
